no,vowel,isPre,distance_to_target,distance_to_closest,closest_phoneme
self,i,False,0.0,18.916631615557186,ɪ
self,ɪ,False,0.0,8.335976726816046,ɛ
self,ɛ,False,0.0,7.6275745746877,æ
self,æ,False,0.0,15.45511936528229,ɛ
self,ʌ,False,0.0,7.074220436657004,ɑ
self,ɑ,False,0.0,8.93559839506589,ʌ
self,ɔ,False,0.0,16.112610732338954,ɑ
self,ʊ,False,0.0,7.304866390741409,u
self,u,False,0.0,10.565480081738343,ʊ
Trump,ɑ,False,0.3099005514890083,8.095075788070716,ʌ
Trump,æ,False,5.774200533089907,8.674196413938423,ɛ
Trump,ɛ,False,14.804820892319706,17.42440021144448,æ
Trump,i,False,6.694750197530983,6.018681143644506,ɪ
Trump,ɪ,False,10.89195776205464,15.939809449938544,ɛ
Trump,u,False,4.59096973750545,3.3551046925905306,ʊ
Trump,ʊ,False,22.49211219106659,23.030545560552206,u
Trump,ʌ,False,2.793736021127414,12.54374119820682,ɑ
Trump,ɔ,False,2.034370541358775,12.112802292306116,ʊ
Hillary,ɑ,False,1.382747174582816,4.3832533412188415,ʌ
Hillary,æ,False,8.08422500678565,17.91354048358287,ɛ
Hillary,ɛ,False,8.898567506673922,9.377248189311,æ
Hillary,i,False,2.3425944411389197,13.930607571593448,ɪ
Hillary,ɪ,False,20.569416261165685,18.498723979850936,ɛ
Hillary,u,False,32.75264115505431,48.08836918208253,ɛ
Hillary,ʊ,False,1.0848087887847262,11.161848185681059,u
Hillary,ʌ,False,2.6612254676349876,7.383544099745211,ɑ
Hillary,ɔ,False,2.406974335154185,8.808470193077582,ɑ
1,i,False,1.1694245889748909,24.947222092806612,ɪ
1,ɪ,False,0.2216379277963119,10.348432761948198,ɛ
1,ɛ,False,1.8390424056468715,5.943547294090708,æ
1,æ,False,2.2752144827182077,4.569396786416966,ɛ
1,ʌ,False,0.3292669452655756,9.835387322526117,ɑ
1,ɑ,False,2.1458518491769656,11.472491484781287,ɔ
1,ɔ,False,2.093859609145029,6.026627440450904,ɑ
1,ʊ,False,0.2765263106640142,9.51442799442744,u
1,u,False,1.1242420871975307,16.540704042264892,ʊ
2,i,False,2.707596695397873,32.48435170711752,ɪ
2,ɪ,False,0.954498006393933,4.642637399229423,ɛ
2,ɛ,False,0.5518434703811059,7.954938253622408,æ
2,æ,False,0.26676584142374365,15.522356528421595,ɛ
2,ʌ,False,0.16766229777601901,7.127785897067533,ɑ
2,ɑ,False,5.603494229650005,0.8220432642720437,ʌ
2,ɔ,False,2.102772152156086,17.30784617394245,ɑ
2,ʊ,False,0.18106549599214283,9.393059688587488,u
2,u,False,1.4379580442518827,16.40502061390955,ɔ
3,i,False,4.039449232334692,33.219970179235276,ɪ
3,ɪ,False,0.023466431609081975,9.04158602659815,ɛ
3,ɛ,False,0.5515443035451812,5.020208136057622,æ
3,æ,False,0.3343666621710164,10.35620091731257,ɛ
3,ʌ,False,0.28192451200403257,6.105565183442353,ɑ
3,ɑ,False,0.08657278367499897,7.907265083962506,ʌ
3,ɔ,False,0.22025565206302697,15.370428517805536,ɑ
3,ʊ,False,0.7955669529175764,12.015984556735118,u
3,u,False,0.18139513202510707,12.811084953612967,ʊ
4,i,False,1.9121162830001406,32.10830205948906,ɪ
4,ɪ,False,0.0633561213624041,8.133682488641739,ɛ
4,ɛ,False,0.2814911411945358,7.77816662044727,æ
4,æ,False,1.3106555202915344,22.313481264099405,ɛ
4,ʌ,False,0.23103180008388374,6.555203659499229,ɑ
4,ɑ,False,0.17992470938277907,8.020248522321761,ʌ
4,ɔ,False,0.7776022269185019,13.325014886765107,ʊ
4,ʊ,False,0.6411671936276276,5.294010148039027,u
4,u,False,0.04936291406948762,8.912337127048012,ʊ
5,i,False,0.868765156160781,25.925922872817296,ɪ
5,ɪ,False,0.10997597751432346,7.542068180254774,ɛ
5,ɛ,False,0.28031933532524606,6.828699719624285,æ
5,æ,False,0.7596992246467783,25.688023575638837,ɛ
5,ʌ,False,0.5947329711262751,9.277947140936087,ɑ
5,ɑ,False,2.795398137054616,3.069419388672428,ʌ
5,ɔ,False,0.43127850257222,15.488497733293013,ʊ
5,ʊ,False,1.9005704084905173,7.304929730108297,ɔ
5,u,False,0.5139223177685767,10.658940180974644,ɔ
6,i,False,2.1162120475946202,28.309010337158032,ɪ
6,ɪ,False,2.3275100609003294,12.866335013861088,i
6,ɛ,False,0.5065111502385957,5.267033119748385,æ
6,æ,False,1.0137759670677555,11.892694022374492,ɛ
6,ʌ,False,0.5812256008533826,4.315389446658219,ɑ
6,ɑ,False,1.6335625922809904,6.116438753443434,ɔ
6,ɔ,False,4.149938039009799,2.886887248501409,ɑ
6,ʊ,False,0.5700305920121685,7.7189356486860365,u
6,u,False,1.57596608086471,17.559237481234316,ɔ
7,i,False,0.8806751017648525,23.9084179428714,ɪ
7,ɪ,False,0.000432113423961305,8.413478995487436,ɛ
7,ɛ,False,3.1814647813725676,2.891905126990728,æ
7,æ,False,2.968978533630936,27.33151446074615,ɛ
7,ʌ,False,0.38098818161033265,10.311373769558333,ɑ
7,ɑ,False,3.633713508901204,3.48962269006162,ɔ
7,ɔ,False,2.8483266471002864,11.657422681294031,u
7,ʊ,False,0.9656860209493999,9.547106217895251,u
7,u,False,0.9860392424443376,7.050290874671477,ʊ
8,i,False,0.03835154268460061,20.040417757744464,ɪ
8,ɪ,False,5.474535100091209,8.398685251336605,i
8,ɛ,False,1.0943104075054886,7.985573190501227,æ
8,æ,False,3.6194564684376465,1.5666997101984477,ɛ
8,ʌ,False,0.9747968095837317,5.211482015378009,ɑ
8,ɑ,False,0.050932454217913065,9.423570475600037,ʌ
8,ɔ,False,1.6105049507591023,7.578733343384693,ɑ
8,ʊ,False,6.490501689782991,12.334080995050195,ʌ
8,u,False,0.2001123704515839,13.046470873888964,ɔ
9,i,False,2.4444625011750265,33.621700471716814,ɪ
9,ɪ,False,1.3268500697000214,6.559080455029971,ɛ
9,ɛ,False,1.4555148727960154,3.679043439389444,æ
9,æ,False,3.2889603867752646,1.8959831819658814,ɛ
9,ʌ,False,1.287933830849459,3.692482400046939,ɑ
9,ɑ,False,0.1673238236105675,10.773954178257831,ʌ
9,ɔ,False,1.3336723514700344,11.408927344036936,ɑ
9,ʊ,False,3.219636060213702,7.539939817017717,ɔ
9,u,False,7.633876094057289,25.297343023703494,ʊ
10,i,False,0.3862060317450354,22.013719309363807,ɪ
10,ɪ,False,0.6804423626724758,9.8348450176786,ɛ
10,ɛ,False,0.6266812803808168,9.26225866564578,ɪ
10,æ,False,1.3514494604246017,7.6594398030811295,ɛ
10,ʌ,False,0.743029884845016,8.944252036803476,ɑ
10,ɑ,False,0.2779901994681925,12.967377601053364,ʌ
10,ɔ,False,0.6725918657817881,14.276732236301015,ɑ
10,ʊ,False,2.546133428347236,7.4941583425274905,ɔ
10,u,False,2.574717792647379,19.307654199871884,ʊ
11,i,False,1.8182123176696723,26.76113362419595,ɪ
11,ɪ,False,0.015280253647053965,7.832368953150431,ɛ
11,ɛ,False,1.3434931753740396,3.8532909843182828,æ
11,æ,False,0.05321638281562081,15.221499695258164,ɛ
11,ʌ,False,4.199471603829092,6.548940663411466,ɑ
11,ɑ,False,0.12422753120904045,9.566604370989577,ʌ
11,ɔ,False,0.5823912051557613,12.834205491848865,ɑ
11,ʊ,False,0.6066204004719649,11.083708787476713,u
11,u,False,1.0044347195296206,13.617461656806128,ɔ
12,i,False,5.0638755368787,44.25280150530938,ɪ
12,ɪ,False,2.687335603899756,3.909582138821997,ɛ
12,ɛ,False,7.434794587490076,6.912231686062874,æ
12,æ,False,1.1071554840960616,11.922430324316258,ɛ
12,ʌ,False,6.397234172104618,24.615056324644378,ɑ
12,ɑ,False,2.1317564467241814,11.159802495051661,ʌ
12,ɔ,False,2.3882583616198745,15.26263036742816,ɑ
12,ʊ,False,1.3261315497937847,9.055021223058446,u
12,u,False,0.4254214246958826,12.197818535491558,ɔ
13,i,False,0.9291984456579598,27.61256928622457,ɪ
13,ɪ,False,0.14138014572641114,7.7477073702786905,ɛ
13,ɛ,False,0.8313145399890536,7.769773745541463,æ
13,æ,False,0.15432731472165095,20.125432879512612,ɛ
13,ʌ,False,1.1168423774523275,10.767181721142444,ɑ
13,ɑ,False,1.3229253328448567,6.736188325261695,ʌ
13,ɔ,False,0.5261689260903353,21.394789211007357,ɑ
13,ʊ,False,0.12059385978139951,5.826183354916892,u
13,u,False,1.9932692053489962,6.700909046446436,ɔ
14,i,False,0.12972461547950626,19.33206675193871,ɪ
14,ɪ,False,2.1215206155148176,3.009983826702573,ɛ
14,ɛ,False,1.4562715468724559,6.661346667212823,ɪ
14,æ,False,0.5848361647234772,24.1707230248217,ɛ
14,ʌ,False,1.3656768628157396,12.226725507833738,ɑ
14,ɑ,False,1.1632763529389203,4.015450452869297,ʌ
14,ɔ,False,1.0395943803370187,15.018865053751641,ɑ
14,ʊ,False,0.9374931025703087,12.680276217335727,u
14,u,False,2.2059736104269105,16.52440395918452,ɔ
15,i,False,4.735206135449547,10.635476261332553,ɪ
15,ɪ,False,0.2183758973286593,10.6016025454891,ɛ
15,ɛ,False,4.106569755676317,6.474593310712326,ɪ
15,æ,False,1.792339347368626,13.98982572881579,ɛ
15,ʌ,False,4.921329529251685,0.970998775947214,ɑ
15,ɑ,False,1.5156083340157251,6.608057489883823,ɔ
15,ɔ,False,0.37706425761719264,10.858968787462873,ɑ
15,ʊ,False,2.0725020819826514,6.408542420359061,u
15,u,False,0.71995517296328,13.393935618535785,ʊ
16,i,False,0.2659823228282309,19.345260188926574,ɪ
16,ɪ,False,1.9534246339849417,9.157067851873329,i
16,ɛ,False,1.3661775537029872,6.661623835484054,ɪ
16,æ,False,1.0096422276848844,7.524543140715972,ɛ
16,ʌ,False,0.5022624091458117,4.97725242780869,ɑ
16,ɑ,False,2.808354271512477,11.316844483185285,ɔ
16,ɔ,False,4.325346062721408,15.5544889108849,ɑ
16,ʊ,False,0.7664172831321246,5.556406339497349,u
16,u,False,3.4860063770709893,6.3197218124580115,ʊ
17,i,False,1.9519144717886305,33.509534340471546,ɪ
17,ɪ,False,1.3133494084810615,11.557648827948022,ɛ
17,ɛ,False,1.375574436695529,6.78124835514192,æ
17,æ,False,0.4608586919521736,9.329570941138305,ɛ
17,ʌ,False,0.501448812219329,10.882886397944898,ɑ
17,ɑ,False,0.4693243243594806,13.994940301704833,ɔ
17,ɔ,False,5.1845627702689026,20.643868148436074,ɑ
17,ʊ,False,0.7994301801952235,8.66480864999164,u
17,u,False,2.0386414042066234,9.863566978086402,ʊ
18,i,False,2.0047387032309434,9.192136472034688,ɪ
18,ɪ,False,0.6193734087074796,12.021721801888301,ɛ
18,ɛ,False,2.2069155195519397,10.216068741421504,æ
18,æ,False,0.06856100730651687,15.449075233673488,ɛ
18,ʌ,False,0.7632705086449877,5.684908655039549,ɑ
18,ɑ,False,2.799178893807022,6.061351758666348,ʌ
18,ɔ,False,0.013832299944592768,17.09576612820653,ɑ
18,ʊ,False,3.8524744878218895,2.962872608554915,u
18,u,False,0.4135319309382395,12.706365698931105,ɔ
19,i,False,13.253417599056435,66.5790644705039,ɪ
19,ɪ,False,8.837688598015728,5.645368311147644,ɛ
19,ɛ,False,9.22962456601875,15.579647424656986,ɪ
19,æ,False,4.358388509342832,11.17053393330034,ɛ
19,ʌ,False,1.25104123852079,2.7417359677896807,ɑ
19,ɑ,False,0.20541038386880955,12.080658010623697,ɔ
19,ɔ,False,2.9427835059685825,4.2257643956939965,ɑ
19,ʊ,False,0.16227839199850935,9.310831212024944,u
19,u,False,3.3657774155232145,14.5646510715495,ʊ
20,i,False,0.21994772746104357,23.212503998615816,ɪ
20,ɪ,False,0.5255003877673423,9.824638002309305,ɛ
20,ɛ,False,1.4008048236250639,4.099033577739648,æ
20,æ,False,1.1344383026056895,14.675610032195614,ɛ
20,ʌ,False,0.3074010112829778,6.385065814651082,ɑ
20,ɑ,False,0.9182147521595204,4.642244887505708,ʌ
20,ɔ,False,1.8403962324993488,6.2731321227565955,ɑ
20,ʊ,False,1.5049594703657507,3.435972721791875,u
20,u,False,1.786354617741512,15.297924089329573,ɔ
21,i,False,0.20862962877365326,22.33285710523932,ɪ
21,ɪ,False,0.6986127272272776,5.587404987894379,ɛ
21,ɛ,False,0.10653386605067461,6.530257553038735,æ
21,æ,False,0.5417957714076981,8.324461592953684,ɛ
21,ʌ,False,0.3252016628859426,4.6602698589466875,ɑ
21,ɑ,False,0.5541872621916464,9.072784636390166,ɔ
21,ɔ,False,1.5588934324863903,8.882476330156454,ɑ
21,ʊ,False,0.35514635371210185,7.2540837937694835,u
21,u,False,2.447389398104564,19.81192614209031,ʊ
22,i,False,1.9729155211918175,9.305772916211906,ɪ
22,ɪ,False,0.3387440270811515,9.907472787336166,ɛ
22,ɛ,False,0.9665452110988415,9.1455215891931,æ
22,æ,False,1.4041193419212386,7.803669783852398,ɛ
22,ʌ,False,5.189962816619844,1.2044465385165213,ɑ
22,ɑ,False,2.5374356363035404,1.4524886172619382,ʌ
22,ɔ,False,2.2761962832781064,9.169858149682172,ɑ
22,ʊ,False,3.297384307359667,6.95734024910893,ɔ
22,u,False,6.341203233895924,17.977424081308538,ɔ
23,i,False,0.28638592230386417,22.263209331625685,ɪ
23,ɪ,False,0.5755249361692745,5.655022145862127,ɛ
23,ɛ,False,1.759658654476926,5.989372591417075,æ
23,æ,False,0.18986006316194406,20.034027875445513,ɛ
23,ʌ,False,1.9058029264168472,3.8219727606655627,ɑ
23,ɑ,False,0.9638352476179248,3.521440830522426,ʌ
23,ɔ,False,0.9662317289314892,12.998598815642312,ʊ
23,ʊ,False,0.33722457419649343,8.73051311795432,u
23,u,False,1.5560254751408649,16.282882080659206,ɔ
24,i,False,0.6039881550207552,26.316838867608745,ɪ
24,ɪ,False,0.45367386114454505,10.819690899383245,ɛ
24,ɛ,False,1.7869528347470265,4.591750070813177,æ
24,æ,False,0.5376465443494824,9.152398462249508,ɛ
24,ʌ,False,0.9085193078532421,10.605854310255289,ɑ
24,ɑ,False,0.5967710657442348,7.063297494831055,ʌ
24,ɔ,False,0.16826791270936098,16.366472635257747,ɑ
24,ʊ,False,1.1217059705214036,5.611632457074636,u
24,u,False,1.5952804920113643,12.583118930602563,ɔ
25,i,False,4.4180360578385365,18.22635269210693,ɪ
25,ɪ,False,0.9300606609161226,9.87874480858742,ɛ
25,ɛ,False,3.16106789668717,8.866929663671595,ɪ
25,æ,False,2.8150075257894263,8.156357997264411,ɛ
25,ʌ,False,0.6060820653065245,4.107266357263635,ɑ
25,ɑ,False,1.1007183801307707,13.173676921785406,ʌ
25,ɔ,False,1.4339628294583822,23.602811844983478,u
25,ʊ,False,0.1331569150992126,7.3365248850873686,u
25,u,False,1.32917068415208,3.8478662942403092,ʊ
26,i,False,7.042410459391206,25.484591467090908,ɪ
26,ɪ,False,2.4410761556704776,11.86944634703593,ɛ
26,ɛ,False,0.875940137412731,6.440590093240741,æ
26,æ,False,1.0843734625461587,10.020043566292905,ɛ
26,ʌ,False,1.3932566107894346,8.386164405792147,ɑ
26,ɑ,False,0.06379208425961962,7.899609948236761,ʌ
26,ɔ,False,0.34647687868031984,20.100988585928846,ɑ
26,ʊ,False,1.7706478904918994,10.910051963372549,ɔ
26,u,False,0.6671021069102329,9.129866027441341,ɔ
27,i,False,0.910208565722983,11.548057952016967,ɪ
27,ɪ,False,3.720510312993755,10.311523296303944,i
27,ɛ,False,2.77813469255058,2.5166491632897374,ɪ
27,æ,False,0.18602958223691568,20.49637488962502,ɛ
27,ʌ,False,0.8544388488766343,8.502211855509,ɑ
27,ɑ,False,0.2619091402373111,12.099650003931586,ɔ
27,ɔ,False,0.6881519824561044,9.423579707376526,ɑ
27,ʊ,False,0.32530778761677825,5.215053369351307,u
27,u,False,0.46905466588125466,10.649425535590384,ʊ
28,i,False,0.4574312938897711,25.254919789526518,ɪ
28,ɪ,False,3.9820742803021107,8.879873451034555,ɛ
28,ɛ,False,0.21153707099593216,8.624844996483585,æ
28,æ,False,0.07078965461552988,12.953939843768364,ɛ
28,ʌ,False,2.3405343388853654,14.90989072552493,ɑ
28,ɑ,False,4.408968354302123,15.663613764227335,ʌ
28,ɔ,False,0.611397060031222,16.3074720242395,ɑ
28,ʊ,False,0.4811390708524209,8.86268961362195,u
28,u,False,1.5220238463249136,8.201806854387423,ɔ
29,i,False,1.0478841281534392,11.417536455448229,ɪ
29,ɪ,False,2.243793237847758,10.50616569888718,i
29,ɛ,False,0.7254397551837753,6.624745539182427,ɪ
29,æ,False,1.3728323642861047,9.093882289368324,ɛ
29,ʌ,False,1.908107493809589,6.270744981391956,ɑ
29,ɑ,False,2.16595830825142,16.128967202564386,ʌ
29,ɔ,False,1.7605054189800098,6.289152759946903,ɑ
29,ʊ,False,0.899369183021896,5.803614551278042,u
29,u,False,0.4606729878904379,13.673762209101517,ɔ
30,i,False,2.6187158974035967,22.41252808335658,ɪ
30,ɪ,False,0.4078493342560772,8.32272066360669,ɛ
30,ɛ,False,0.6589151803207193,6.396970314275837,æ
30,æ,False,4.798502350263497,3.141245457358792,ɛ
30,ʌ,False,0.4926447155260197,4.892254021453495,ɑ
30,ɑ,False,0.05429258830406271,9.580815102687056,ʌ
30,ɔ,False,1.879548865400082,5.8938720134499665,ɑ
30,ʊ,False,0.9446333545944292,9.860760878739605,ɔ
30,u,False,0.6939562368931513,13.149523116284692,ɔ
31,i,False,1.8403096289237981,31.647472054860962,ɪ
31,ɪ,False,2.338633397058741,2.8806578040981825,ɛ
31,ɛ,False,1.5216111531426753,5.894048553175992,æ
31,æ,False,2.1753183749201366,16.804798072914373,ɛ
31,ʌ,False,0.05062528565992404,8.163483251618214,ɑ
31,ɑ,False,0.5295088398428442,7.3254895265391395,ʌ
31,ɔ,False,1.335444893532445,23.534496498002543,ʊ
31,ʊ,False,0.0726758118224458,7.194383238050484,u
31,u,False,1.8140452746157103,16.358225376677602,ʊ
32,i,False,0.39705605211077644,24.470857038081775,ɪ
32,ɪ,False,2.075140889469472,9.106049150239365,i
32,ɛ,False,1.2501598179655529,4.776552773145615,æ
32,æ,False,1.292355069260866,10.004116316974036,ɛ
32,ʌ,False,1.1756573961763,13.178713740692853,ɑ
32,ɑ,False,0.2297678235833364,9.968703596273112,ɔ
32,ɔ,False,2.9244577257574202,7.662930680616393,ɑ
32,ʊ,False,0.39500668097490726,4.671003283073404,u
32,u,False,0.06341220273334891,12.824975271317324,ʊ
33,i,False,0.6831337840487907,26.893621480914263,ɪ
33,ɪ,False,0.6990627573115374,10.709148532803558,ɛ
33,ɛ,False,0.06746759201228873,8.648159202645704,æ
33,æ,False,1.716912095519415,5.257491166542623,ɛ
33,ʌ,False,0.03393429475748067,6.349686449770111,ɑ
33,ɑ,False,0.43293844504961926,13.620809964513018,ʌ
33,ɔ,False,0.6088879100292304,10.190337690709093,ɑ
33,ʊ,False,1.1755813973107314,12.64072219039307,ɔ
33,u,False,1.2384908983214185,16.95194316812717,ʊ
34,i,False,1.4340705248680754,14.939513605647665,ɪ
34,ɪ,False,0.39350178583366685,11.086981482916636,ɛ
34,ɛ,False,1.23463216738616,8.63215420412031,ɪ
34,æ,False,0.35240518735394016,22.61276786844173,ɛ
34,ʌ,False,3.1369595623193547,7.782721424628719,ɑ
34,ɑ,False,0.5416545149537736,11.700128297008025,ʌ
34,ɔ,False,0.47830820327804596,11.944369721664348,ɑ
34,ʊ,False,4.955079524060528,0.9852779943981369,u
34,u,False,1.7313953345288218,7.257661498194088,ʊ
35,i,False,0.3636236692942347,15.336474659494979,ɪ
35,ɪ,False,0.1496335744093482,7.613002816892364,ɛ
35,ɛ,False,0.7702125317311109,6.086494490545063,æ
35,æ,False,0.8340116603653807,12.174499672976001,ɛ
35,ʌ,False,1.596905548098681,3.8455255863160316,ɑ
35,ɑ,False,0.301232407723909,13.124348322286757,ʌ
35,ɔ,False,4.348124350776616,6.20302805626711,ʊ
35,ʊ,False,2.2460315590748543,6.934249287369354,ɔ
35,u,False,2.26672376189692,6.3790533847443465,ʊ
36,i,False,0.5539856492454626,23.16444474194252,ɪ
36,ɪ,False,0.18121946874940523,10.125114055076715,ɛ
36,ɛ,False,0.4978524363148244,5.334834454330805,æ
36,æ,False,1.2414755306830279,30.168583527049396,ɛ
36,ʌ,False,3.1715982239659466,18.173742437694795,ɑ
36,ɑ,False,1.8066281696070225,4.046711145901418,ʌ
36,ɔ,False,0.15089365370499253,18.210613136599942,ɑ
36,ʊ,False,1.4922551614588608,2.7145735961158657,u
36,u,False,0.9976264121228763,8.681585126354815,ɔ
37,i,False,0.3530449249851533,19.652172063454316,ɪ
37,ɪ,False,0.1965537842944879,6.457598296427507,ɛ
37,ɛ,False,0.4530100044370194,6.808650823485032,æ
37,æ,False,0.8533528416601964,26.407688181523273,ɛ
37,ʌ,False,1.1099792059063827,4.52169875982968,ɑ
37,ɑ,False,0.21335855407821036,6.275450766989406,ʌ
37,ɔ,False,0.09684458213121394,18.275662346002697,ɑ
37,ʊ,False,0.15925406533655637,6.071003868615328,u
37,u,False,0.13200697076401696,13.539718290299184,ʊ
38,i,False,1.831307988398355,9.003259745106138,ɪ
38,ɪ,False,0.47122704620769906,11.771024006124637,ɛ
38,ɛ,False,0.12453982394518764,9.006796528450606,æ
38,æ,False,0.9930663451316415,28.633831570479305,ɛ
38,ʌ,False,1.344259134358906,3.4921426130966404,ɑ
38,ɑ,False,0.9572441571024376,4.238123201131423,ʌ
38,ɔ,False,0.8118274820937244,13.117110440426917,ʊ
38,ʊ,False,0.9745859710908831,7.360459985115622,u
38,u,False,1.0465837176003463,9.58005162807316,ɔ
39,i,False,1.2720087346621813,11.451986825992591,ɪ
39,ɪ,False,3.7163032399754656,6.046108579427606,i
39,ɛ,False,0.5552068184608174,8.69883503647883,ɪ
39,æ,False,2.488134816063807,33.06479889614266,ɛ
39,ʌ,False,0.38797506304161583,8.238520433679987,ɑ
39,ɑ,False,0.895876054540136,7.85024105260355,ɔ
39,ɔ,False,2.7056263279894788,21.43948505345032,u
39,ʊ,False,5.487580602919477,10.338047213534544,u
39,u,False,3.0434887321768227,4.343161628123546,ʊ
40,i,False,2.21605126631424,14.752405289270971,ɪ
40,ɪ,False,0.5001685616869027,5.867396028344388,ɛ
40,ɛ,False,1.610041271139692,4.512109968153501,ɪ
40,æ,False,0.0020761887395032972,15.80158430104765,ɛ
40,ʌ,False,0.9438936771219041,4.8122702834353,ɑ
40,ɑ,False,0.874527577772399,16.167164993529276,ʌ
40,ɔ,False,0.5480809446879893,15.50047219691418,ʊ
40,ʊ,False,0.14091138157240854,8.510800989044169,u
40,u,False,1.1365234152773585,8.13212688768012,ɔ
41,i,False,0.2330198512976153,15.708447217787677,ɪ
41,ɪ,False,0.6073060787085139,5.373117786408332,ɛ
41,ɛ,False,0.5284497087552404,8.308823522516377,ɪ
41,æ,False,1.4968433928533926,4.86734176956266,ɛ
41,ʌ,False,1.254288445408438,12.414604548050042,ɑ
41,ɑ,False,3.6814331523364876,17.89824853283887,ɔ
41,ɔ,False,2.1826149239194876,23.470301645206025,ɑ
41,ʊ,False,0.7573714937605872,11.645040331301866,u
41,u,False,0.12343829170552685,8.12581300300748,ʊ
42,i,False,2.7486983734171018,19.867013753257755,ɪ
42,ɪ,False,0.004341684792789463,8.15197462678315,ɛ
42,ɛ,False,1.9656282611450218,8.34782816160081,ɪ
42,æ,False,0.0694217655602017,14.534383119446241,ɛ
42,ʌ,False,1.31691404094757,3.637178709823722,ɑ
42,ɑ,False,0.7919129280823237,14.569479340059576,ɔ
42,ɔ,False,2.0315150710137044,27.462614761994843,ɑ
42,ʊ,False,0.9631546369863397,11.644738255072689,u
42,u,False,1.6790998254902274,3.162362586162134,ʊ
43,i,False,0.9149137242304862,28.38848867409781,ɪ
43,ɪ,False,1.2880524678408776,8.568467688289081,ɛ
43,ɛ,False,1.4607746255227188,4.835889395327628,æ
43,æ,False,1.234060142817287,30.19952839531276,ɛ
43,ʌ,False,1.301366108488855,9.882985917471773,ɑ
43,ɑ,False,6.351561758305869,3.2032813466165955,ʌ
43,ɔ,False,0.3012212929054264,17.045740495181477,ʊ
43,ʊ,False,1.0341221186895464,3.3898542294733205,u
43,u,False,1.4725031825254757,7.382292732699559,ɔ
44,i,False,0.5911954068411168,13.32955159423092,ɪ
44,ɪ,False,3.9023538987899946,4.839922627928681,ɛ
44,ɛ,False,2.410814057686863,7.343125825512762,æ
44,æ,False,0.7409372078102934,26.238994305991795,ɛ
44,ʌ,False,1.5672640064741332,13.969221055700586,ɑ
44,ɑ,False,1.0905039210989396,4.748364236592826,ʌ
44,ɔ,False,0.9910022948136239,12.231529630849128,ʊ
44,ʊ,False,2.6576576260316545,2.316655475447709,u
44,u,False,1.2451797354892613,9.068740846801587,ɔ
45,i,False,0.8540801447977864,14.550230528585105,ɪ
45,ɪ,False,1.7823873812210604,9.893542055617818,ɛ
45,ɛ,False,0.40108658406657893,8.320318533483132,æ
45,æ,False,2.468756911436895,31.811336300665893,ɛ
45,ʌ,False,0.03635808210671061,6.908511650686952,ɑ
45,ɑ,False,0.3973293622612681,6.175050678353369,ʌ
45,ɔ,False,1.5974307710504292,14.762693191634936,u
45,ʊ,False,0.1966887078903185,7.37158662862898,u
45,u,False,1.7003189639631817,2.6653077032497983,ʊ
46,i,False,0.40875207262344637,14.264991827246611,ɪ
46,ɪ,False,0.891687939686509,8.282703741577238,ɛ
46,ɛ,False,0.22780799791245931,9.507567101802724,æ
46,æ,False,0.8972615354060451,27.326367274313412,ɛ
46,ʌ,False,1.4686656557881468,12.280198696325368,ɑ
46,ɑ,False,0.4707446706399591,10.078695885326741,ʌ
46,ɔ,False,1.4655948851895633,11.794298044654159,ʊ
46,ʊ,False,1.5155687215377942,2.7817853096729044,u
46,u,False,0.6014405456140234,9.440295033621837,ɔ
47,i,False,0.9132955540836433,20.89469759470271,ɪ
47,ɪ,False,0.5665237605132756,10.764121293864648,ɛ
47,ɛ,False,3.8381961326636462,5.0988438802429155,ɪ
47,æ,False,0.19000822943202805,11.949670964339845,ɛ
47,ʌ,False,2.008219700647757,2.1162218352694664,ɑ
47,ɑ,False,0.35113951203702404,11.817987270479504,ɔ
47,ɔ,False,0.865049148780715,8.771264146576693,ɑ
47,ʊ,False,1.644731376575841,9.268033316863702,ɔ
47,u,False,0.8330036356651221,8.589354198503852,ɔ
48,i,False,4.6545441633964995,6.4085636869801235,ɪ
48,ɪ,False,1.523591413907613,3.6468766514601882,ɛ
48,ɛ,False,1.7168913800684813,11.716906681843202,ɪ
48,æ,False,4.019355194487702,39.327155301068615,ɛ
48,ʌ,False,0.25777330639377594,5.227943590516901,ɑ
48,ɑ,False,1.8986902983707676,2.9114616589642512,ʌ
48,ɔ,False,4.30644030892839,5.141487998822865,u
48,ʊ,False,3.64652424361449,1.2532251654817612,u
48,u,False,0.3465379924242916,9.989810108742885,ɔ
49,i,False,1.0841748690958237,15.234552879691812,ɪ
49,ɪ,False,0.19842574989803488,9.954768019551038,ɛ
49,ɛ,False,6.265458609815954,11.823840180056308,ɪ
49,æ,False,2.2855196127021458,34.54166607948527,ɛ
49,ʌ,False,3.782304045255268,15.970378025841068,ɑ
49,ɑ,False,1.4454153859728913,6.90150731116674,ɔ
49,ɔ,False,0.3117265681216965,18.122670272113943,ɑ
49,ʊ,False,0.4772080213617943,10.753043987038794,u
49,u,False,0.40897672512143957,6.110860875086803,ʊ
50,i,False,4.267794085484473,17.873698514987574,ɪ
50,ɪ,False,0.4384412181749191,11.334874830103647,ɛ
50,ɛ,False,1.0240188094948817,6.303773920485251,ɪ
50,æ,False,1.3404823538109771,25.71262427023327,ɛ
50,ʌ,False,0.9523826820785387,7.392453984212505,ɑ
50,ɑ,False,0.12445608567415366,9.579659416575751,ʌ
50,ɔ,False,1.6950559347052505,11.519344571410805,ʊ
50,ʊ,False,0.08445173014751692,7.225220733175833,u
50,u,False,0.8927674833419292,13.508709072288305,ɔ
51,i,False,2.644434716022793,8.063243026013119,ɪ
51,ɪ,False,1.900533672254577,5.653574888223082,ɛ
51,ɛ,False,0.9156786956490781,6.005029513311322,ɪ
51,æ,False,0.6194564678908695,10.722490550453815,ɛ
51,ʌ,False,4.656927955839576,1.2602702979737619,ɑ
51,ɑ,False,0.015397344049559733,8.691313157395609,ʌ
51,ɔ,False,3.021526719143395,11.277606784679925,ɑ
51,ʊ,False,3.4851901414920685,5.816380231781354,ɔ
51,u,False,0.8347103104647702,15.24711437360379,ɔ
52,i,False,0.10861911615351941,16.14088058555535,ɪ
52,ɪ,False,1.6441012908586716,10.081833648901052,i
52,ɛ,False,0.07934199966606197,6.586660101410461,æ
52,æ,False,0.035301228334969195,13.454627985901823,ɛ
52,ʌ,False,1.065500481897145,12.644434470168225,ɑ
52,ɑ,False,2.8587080307988564,9.699879079611522,ɔ
52,ɔ,False,0.8403300010280823,12.395749366433979,ɑ
52,ʊ,False,0.8134788759363446,4.268399592833015,u
52,u,False,0.5219028317270684,8.67376049758928,ʊ
53,i,False,1.106175115587511,11.942270028854306,ɪ
53,ɪ,False,0.47616379369050454,9.817207286562775,ɛ
53,ɛ,False,0.40423435698030563,5.362997987372382,æ
53,æ,False,0.2722168063803029,21.05105624527723,ɛ
53,ʌ,False,2.217665718522503,8.242303836325616,ɑ
53,ɑ,False,2.0302005069977405,7.88337183997344,ɔ
53,ɔ,False,1.4885913348837327,11.210430352994774,ʊ
53,ʊ,False,1.1991196426764021,7.374632811581252,u
53,u,False,1.074580250157391,8.055686803000738,ɔ
54,i,False,0.4783330140798199,13.817648065684178,ɪ
54,ɪ,False,1.0704646306375822,12.825867478648838,i
54,ɛ,False,0.3461618918163198,6.631520009103832,æ
54,æ,False,2.321523287744855,3.156182844016893,ɛ
54,ʌ,False,1.711744025252031,10.515852387689531,ɑ
54,ɑ,False,3.264851774225611,15.492353860929754,ʌ
54,ɔ,False,0.8024548232863452,8.820204881943774,ɑ
54,ʊ,False,2.1710087620971206,3.0744327595330447,u
54,u,False,1.5700464287451505,7.451842997614979,ɔ
55,i,False,1.0131157555283212,15.384296077059552,ɪ
55,ɪ,False,0.09244196102649405,9.395072958877607,ɛ
55,ɛ,False,4.53692811127736,0.9251836823027678,ɪ
55,æ,False,1.932334570622321,27.408829351840083,ɛ
55,ʌ,False,2.54959016763528,5.5970599673988195,ɑ
55,ɑ,False,0.3930447058252301,10.281904301492215,ɔ
55,ɔ,False,0.48986258511875785,12.836119191003956,ɑ
55,ʊ,False,1.146686387040437,3.9337991122504485,u
55,u,False,1.5846420406324604,7.434775057642417,ʊ
56,i,False,1.5179150827497945,26.726360012448605,ɪ
56,ɪ,False,1.0193338496174995,11.341311701587587,ɛ
56,ɛ,False,3.188678233591193,8.717625397309616,æ
56,æ,False,5.721016262475647,20.827887664854845,ʌ
56,ʌ,False,2.2293582476039915,2.6550641666459223,ɑ
56,ɑ,False,0.2795872780308726,10.240910483582311,ɔ
56,ɔ,False,1.1741502493905074,13.679742743580922,ɑ
56,ʊ,False,7.041139892991828,7.870974297622102,u
56,u,False,6.16198806424505,13.137092374622696,ʊ
57,i,False,1.4019624426658865,10.091220019616767,ɪ
57,ɪ,False,0.18191597289705375,10.386797263414575,ɛ
57,ɛ,False,0.0164785255176961,7.141735811278997,æ
57,æ,False,5.974593023291124,1.8418656066663694,ɛ
57,ʌ,False,0.5807843026836184,3.904045882512485,ɑ
57,ɑ,False,2.207776600334067,20.310207784871956,ɔ
57,ɔ,False,1.420712675937866,7.471252695892117,ɑ
57,ʊ,False,0.21395597214948037,5.306231860702317,u
57,u,False,0.5608343931865404,9.285547927507581,ɔ
58,i,False,1.7880765182574254,32.28437111507228,ɪ
58,ɪ,False,0.7401456770947553,10.359005970275394,ɛ
58,ɛ,False,0.008425181915824434,7.956413430847674,æ
58,æ,False,1.0002076005193694,28.46501599972786,ɛ
58,ʌ,False,1.306887158109899,7.074043533080825,ɑ
58,ɑ,False,0.8407491622171092,8.145196968788571,ɔ
58,ɔ,False,1.5390109737334625,14.006394131894005,ʊ
58,ʊ,False,3.7737581090878773,14.394698206843595,ʌ
58,u,False,1.9693334666959335,3.9395908976708256,ʊ
59,i,False,0.6319582082358598,14.315336406960014,ɪ
59,ɪ,False,0.6184012416737095,7.27003005656816,ɛ
59,ɛ,False,6.1684634881657185,4.287357345504094,æ
59,æ,False,0.360471228026231,22.574773264975835,ɛ
59,ʌ,False,1.4264128705397612,8.811258203108531,ɑ
59,ɑ,False,0.8189904226076886,4.3967199367429055,ʌ
59,ɔ,False,8.77827314786158,9.144358597707672,u
59,ʊ,False,0.500452322962052,9.494750793069095,u
59,u,False,1.5327072183064798,3.21074137498443,ʊ
60,i,False,0.17951597048534962,18.86160946462752,ɪ
60,ɪ,False,1.1662474202565016,11.768734553434378,i
60,ɛ,False,0.21199513614609056,7.028696369742551,æ
60,æ,False,0.026813102742567534,16.79007091101066,ɛ
60,ʌ,False,0.36412467634445983,10.27271631565651,ɑ
60,ɑ,False,0.5564886955532834,7.201552312720937,ʌ
60,ɔ,False,0.9045077392276151,8.83396930012442,ɑ
60,ʊ,False,0.8442404987999782,5.570267737177265,u
60,u,False,1.2164012319240665,8.326813374680775,ɔ
61,i,False,0.3116613423850002,21.33826387484679,ɪ
61,ɪ,False,0.7411284586134018,5.193929135627554,ɛ
61,ɛ,False,2.210432722040656,2.9500340013675705,æ
61,æ,False,0.49765414798451546,22.484710377571854,ɛ
61,ʌ,False,2.7669130330201894,15.546982652322828,ɑ
61,ɑ,False,0.12435996142044652,9.017575937952682,ʌ
61,ɔ,False,1.7150858734072303,9.173670241605773,ʊ
61,ʊ,False,0.9848762865416145,4.293455075219219,u
61,u,False,1.6887842183373207,10.915144716365992,ɔ
62,i,False,3.5110425973891983,18.290488662655566,ɪ
62,ɪ,False,8.510423302013068,6.584260548896083,ɛ
62,ɛ,False,1.4232763933339636,7.665144998022644,ɪ
62,æ,False,2.7232946038113726,5.876484641247671,ɛ
62,ʌ,False,2.80874568872066,6.337314512029497,ɑ
62,ɑ,False,4.646614983662011,19.916925229415657,ʌ
62,ɔ,False,1.0904224914577496,11.450845633424999,ʊ
62,ʊ,False,0.3188185354915958,10.134085235208216,u
62,u,False,5.107906431523782,11.286442542755932,ɔ
63,i,False,0.5765358206480462,14.61499269800236,ɪ
63,ɪ,False,5.75008306467203,4.149516578172552,ɛ
63,ɛ,False,2.1200110896365425,10.52975828354067,æ
63,æ,False,2.3416521158171846,26.478452667897024,ɛ
63,ʌ,False,2.753998077922251,6.598871932919085,ɑ
63,ɑ,False,0.37532572308879364,8.27466380468157,ʌ
63,ɔ,False,4.182824876449069,5.951336435174529,u
63,ʊ,False,0.22513201683237227,7.548790844817279,u
63,u,False,0.5287037581926307,12.26573557868665,ʊ
64,i,False,0.2987725934410104,16.13178590366848,ɪ
64,ɪ,False,1.853565835730695,4.156422044736067,ɛ
64,ɛ,False,1.7211294942462705,4.689610933538654,æ
64,æ,False,11.55680233111655,3.4995720291173806,ɛ
64,ʌ,False,0.4250164867244334,4.352184718645112,ɑ
64,ɑ,False,1.8128670142806151,17.09873929417726,ɔ
64,ɔ,False,0.035147128624488065,14.419632656017896,ɑ
64,ʊ,False,0.31128232183182936,9.679199174831323,u
64,u,False,1.3999186625827051,13.541812912400896,ʊ
65,i,False,0.02456719092112918,18.607272583541302,ɪ
65,ɪ,False,0.012484725206019306,8.739090588354431,ɛ
65,ɛ,False,0.2423598488004401,5.9856760797651285,æ
65,æ,False,0.47726839877285526,21.23544433198528,ɛ
65,ʌ,False,0.4075096209357273,8.750543801600575,ɑ
65,ɑ,False,0.37481603017962095,11.06367234877612,ɔ
65,ɔ,False,0.9800111055859614,13.200952307090716,ʊ
65,ʊ,False,0.7046604118921747,11.244328308339632,u
65,u,False,0.3397900620613702,11.479753893214594,ɔ
66,i,False,0.22300105957733693,15.221580223058496,ɪ
66,ɪ,False,0.7636439688442721,12.692482751435765,ɛ
66,ɛ,False,1.186748084959722,5.451734402978698,æ
66,æ,False,0.0484630663013226,15.348981027272764,ɛ
66,ʌ,False,2.5291015728938535,15.253466747017399,ɑ
66,ɑ,False,0.048730943876920736,10.469664045864484,ʌ
66,ɔ,False,1.1992916461946854,24.041096048985064,ʊ
66,ʊ,False,5.470497350246799,0.9071456246326378,u
66,u,False,1.190598120978245,5.5980744343992015,ʊ
67,i,False,0.5977738707317763,14.075970426657396,ɪ
67,ɪ,False,0.4912246942089674,11.82010651379918,ɛ
67,ɛ,False,5.420958920862438,3.5160405780364057,ɪ
67,æ,False,3.1592838636768477,33.39793249234909,ɛ
67,ʌ,False,4.4699159512613935,4.556946252201914,ɑ
67,ɑ,False,1.868961117764843,5.412922624218959,ɔ
67,ɔ,False,1.7266204661233964,9.446853058148733,ʊ
67,ʊ,False,1.3856967978141825,14.020328637272234,u
67,u,False,4.643813770334855,3.058750816095293,ʊ
68,i,False,1.6653061222376881,18.634542502433963,ɪ
68,ɪ,False,1.4271631708191312,4.331924863872221,ɛ
68,ɛ,False,0.8259631479062594,5.671385532627974,æ
68,æ,False,3.8230367937476664,37.91875017692428,ɛ
68,ʌ,False,1.7388487823389107,14.803339436313834,ɑ
68,ɑ,False,2.7062516006618256,2.044313655181166,ʌ
68,ɔ,False,3.2435528815997636,6.720308681190008,ʊ
68,ʊ,False,0.12298707997048222,7.797436396576658,u
68,u,False,1.602617879433909,9.977064621297375,ɔ
69,i,False,0.9634902444930652,27.209608143529337,ɪ
69,ɪ,False,0.9465273208149229,4.55912346500957,ɛ
69,ɛ,False,0.5983151643938176,8.738359274255586,æ
69,æ,False,1.3453103679669427,22.12366951335925,ɛ
69,ʌ,False,1.7264891829539333,12.066640713066693,ɑ
69,ɑ,False,6.727274575833503,7.4122310954298,ɔ
69,ɔ,False,2.018662370467255,14.746182854437652,ɑ
69,ʊ,False,2.776547086572517,8.442294616065656,u
69,u,False,2.612677780013154,7.18118809320452,ʊ
70,i,False,1.1600120502330933,28.77371001256944,ɪ
70,ɪ,False,0.08253911063303178,9.697748322869526,ɛ
70,ɛ,False,0.5577694955715474,5.002961377373649,æ
70,æ,False,1.464569796943729,18.129283675565492,ɛ
70,ʌ,False,0.9864705720495046,11.059227460871618,ɑ
70,ɑ,False,0.7104881839357692,11.392214648112386,ʌ
70,ɔ,False,0.5201485270491902,10.077612260541665,ɑ
70,ʊ,False,0.4247845768622285,4.9107672846709,u
70,u,False,0.20542373599188213,9.526472349076968,ʊ
71,i,False,0.8213009172672541,21.39859897143968,ɪ
71,ɪ,False,0.15093418748255405,8.663728684864727,ɛ
71,ɛ,False,0.14888659559442388,9.155025723825355,æ
71,æ,False,0.11678272735237347,19.509781408912357,ɛ
71,ʌ,False,1.2317589477304949,9.256543002726609,ɑ
71,ɑ,False,0.6077809961490404,13.05651344955701,ʌ
71,ɔ,False,0.35340829169268895,11.147670375457778,ɑ
71,ʊ,False,1.2158050404927676,7.955081977799732,u
71,u,False,0.5314425021894615,9.557524044214336,ɔ
72,i,False,0.17087745442023866,16.692979680777633,ɪ
72,ɪ,False,2.0555514899336007,8.226441036394371,ɛ
72,ɛ,False,0.7229927661969411,6.467759820531077,æ
72,æ,False,0.19347983391389775,19.653085413918593,ɛ
72,ʌ,False,0.4199746612358418,4.668850394362349,ɑ
72,ɑ,False,6.360252785058158,1.90976067981758,ɔ
72,ɔ,False,1.96561799658681,7.806904192697712,ɑ
72,ʊ,False,1.5666516399916381,5.8309311022455255,u
72,u,False,1.2528587037093588,7.711871188560953,ʊ
73,i,False,3.1894479215497764,11.433472507912878,ɪ
73,ɪ,False,0.3427282284501326,10.018811374256744,ɛ
73,ɛ,False,0.4227265683090966,9.103962022464493,ɪ
73,æ,False,1.3641982606634242,31.33602170574257,ɛ
73,ʌ,False,5.449535833134328,12.388798224177265,ʊ
73,ɑ,False,1.3961420603319545,15.83357027995428,ɔ
73,ɔ,False,3.400204838644192,18.08116779501013,u
73,ʊ,False,0.30931556522486847,5.103191730833801,u
73,u,False,4.174260719835145,4.229347719144158,ʊ
74,i,False,0.5236589466933511,17.019711146266648,ɪ
74,ɪ,False,0.6844815013520028,5.335954683992317,ɛ
74,ɛ,False,4.390905961153289,4.374143731926633,ɪ
74,æ,False,2.2172945134538473,36.66218434966987,ɛ
74,ʌ,False,2.3681994937263227,13.286339922162831,ɑ
74,ɑ,False,0.7219266858721739,9.194716149620312,ɔ
74,ɔ,False,0.2305692532459808,18.258504307003214,ɑ
74,ʊ,False,1.3297154609209905,10.151882888573713,u
74,u,False,0.6899378071057842,6.458894089600247,ʊ
75,i,False,0.12282006438306578,17.524867436520786,ɪ
75,ɪ,False,0.7743169883722841,9.338010719477563,ɛ
75,ɛ,False,0.9531743647932976,5.99184805915189,ɪ
75,æ,False,2.2037315898341436,32.64679489305114,ɛ
75,ʌ,False,0.6556312840064932,4.537577950228588,ɑ
75,ɑ,False,1.9692423675474806,8.607799846285701,ɔ
75,ɔ,False,4.1442171920762405,14.535961587158937,u
75,ʊ,False,0.4157027188528218,10.641179973157678,u
75,u,False,10.206038454856536,9.902443556859769,ʊ
76,i,False,0.9789288251304842,22.077724730834664,ɪ
76,ɪ,False,0.14694763114802384,10.157122969943321,ɛ
76,ɛ,False,0.21245716193695915,7.754215076577591,æ
76,æ,False,1.2415622613793331,19.37443539984414,ɛ
76,ʌ,False,0.8521295018473819,7.161360547490051,ɑ
76,ɑ,False,0.06764691666938559,9.783271557217095,ʌ
76,ɔ,False,0.5166452124169,10.957047576703705,ɑ
76,ʊ,False,0.1423178972548698,5.684982462974507,u
76,u,False,0.4168943602118716,9.00756759158083,ʊ
